4,15,125,0,0
4,20,125,0,0
4,25,125,0,0
4,30,125,0,0
4,35,125,0,0
4,40,125,0,0
4,45,125,0,0
4,50,125,0,0
4,55,125,0,0
4,60,125,0,0
4,65,125,0,0
4,70,125,0,0
4,75,125,0,0
4,80,125,0,0
4,85,125,0,0
4,90,125,0,0
4,95,125,0,0
4,100,125,0,0
4,105,125,0,0
4,110,125,0,0
4,115,125,0,0
4,120,125,0,0
4,125,125,0,0
4,130,125,0,0
4,135,125,0,0
4,140,125,0,0
4,145,125,0,0
4,150,125,0,0
4,155,125,0,0
4,160,125,0,0
4,165,125,0,0
4,170,125,0,0
4,175,125,0,0
4,180,125,0,0
4,185,125,0,0
4,190,125,0,0
4,195,125,0,0
4,200,125,0,0
4,205,125,0,0
4,210,125,0,0
4,215,125,0,0
4,220,125,0,0
4,225,125,0,0
4,230,125,0,0
4,235,125,0,0
4,240,125,0,0
4,245,125,0,0
4,250,125,0,0
4,255,125,0,0
4,260,125,0,0
4,265,120,1,0
4,270,115,1,0
4,275,110,1,0
4,280,105,1,0
4,285,100,1,0
4,290,95,1,0
4,295,90,1,0
4,300,85,1,0
4,305,80,1,0
4,310,75,1,0
4,315,70,1,0
4,320,65,1,0
4,325,60,1,0
4,330,55,1,0
4,335,50,1,0
4,340,45,1,0
4,345,40,1,0
4,350,35,1,0
4,355,30,1,0
4,360,25,1,0
4,365,20,1,0
4,370,15,1,0
4,375,10,1,0
4,380,5,1,0
4,385,0,1,0
4,390,0,1,0
4,395,0,1,0
4,400,0,1,0
4,405,0,1,0
4,410,0,1,0
4,415,0,1,0
4,420,0,0,0
4,425,0,0,0
4,430,0,0,0
4,435,5,0,1
4,440,10,0,1
4,445,15,0,1
4,450,20,0,1
4,455,25,0,1
4,460,30,0,1
42,440,35,0,1
42,445,40,0,1
42,450,45,0,1
42,455,50,0,1
42,460,55,0,1
56,35,55,0,0
56,40,55,0,0
56,45,55,0,0
56,50,55,0,0
56,55,55,0,0
56,60,55,0,0
56,65,55,0,0
56,70,55,0,0
56,75,55,0,0
56,80,55,0,0
56,85,55,0,0
56,90,55,0,0
56,95,55,0,0
56,100,55,0,0
56,105,55,0,0
56,110,55,0,0
56,115,55,0,0
56,120,55,0,0
56,125,55,0,0
56,130,55,0,0
56,135,55,0,0
56,140,55,0,0
56,145,55,0,0
56,150,55,0,0
56,155,55,0,0
56,160,55,0,0
56,165,55,0,0
56,170,55,0,0
56,175,55,0,0
56,180,55,0,0
56,185,55,0,0
56,190,55,0,0
56,195,55,0,0
56,200,55,0,0
56,205,55,0,0
56,210,55,0,0
56,215,55,0,0
56,220,55,0,0
56,225,55,0,0
56,230,55,0,0
56,235,55,0,0
56,240,55,0,0
56,245,55,0,0
56,250,55,0,0
56,255,55,0,0
56,260,55,0,0
56,265,55,0,0
56,270,55,0,0
56,275,55,0,0
56,280,55,0,0
56,285,55,0,0
56,290,55,0,0
56,295,55,0,0
56,300,55,0,0
56,305,55,0,0
56,310,55,0,0
56,315,55,0,0
56,320,55,0,0
56,325,55,0,0
56,330,55,0,0
56,335,55,0,0
56,340,55,0,0
56,345,55,0,0
56,350,55,0,0
56,355,55,0,0
56,360,55,0,0
56,365,55,0,0
56,370,55,0,0
56,375,55,0,0
56,380,55,0,0
56,385,55,0,0
56,390,55,0,0
56,395,55,0,0
56,400,55,0,0
56,405,55,0,0
56,410,55,0,0
56,415,55,0,0
56,420,55,0,0
56,425,55,0,0
56,430,55,0,0
56,435,55,0,0
56,440,55,0,0
56,445,55,0,0
56,450,55,0,0
56,455,55,0,0
56,460,55,0,0
158,265,55,0,0
158,270,55,0,0
158,275,55,0,0
158,280,55,0,0
158,285,55,0,0
158,290,55,0,0
158,295,55,0,0
158,300,60,0,1
158,305,65,0,1
158,310,70,0,1
158,315,75,0,1
158,320,80,0,1
158,325,85,0,1
158,330,90,0,1
158,335,95,0,1
158,340,100,0,1
158,345,105,0,1
158,350,110,0,1
158,355,115,0,1
158,360,120,0,1
158,365,125,0,1
158,370,130,0,1
158,375,135,0,1
158,380,140,0,1
158,385,145,0,1
158,390,145,0,0
158,395,145,0,0
158,400,145,0,0
158,405,145,0,0
158,410,145,0,0
158,415,145,0,0
158,420,145,0,0
158,425,145,0,0
158,430,145,0,0
158,435,145,0,0
158,440,145,0,0
158,445,145,0,0
158,450,145,0,0
158,455,145,0,0
158,460,145,0,0
54,15,145,0,0
54,20,145,0,0
54,25,145,0,0
54,30,145,0,0
54,35,145,0,0
54,40,145,0,0
54,45,145,0,0
54,50,145,0,0
54,55,145,0,0
54,60,145,0,0
54,65,145,0,0
54,70,145,0,0
54,75,145,0,0
54,80,145,0,0
54,85,145,0,0
54,90,145,0,0
54,95,145,0,0
54,100,145,0,0
54,105,145,0,0
54,110,145,0,0
54,115,145,0,0
54,120,140,1,0
54,125,135,1,0
54,130,130,1,0
54,135,125,1,0
54,140,120,1,0
54,145,115,1,0
54,150,110,1,0
54,155,105,1,0
54,160,100,1,0
54,165,95,1,0
54,170,90,1,0
54,175,85,1,0
54,180,80,1,0
54,185,75,1,0
54,190,75,0,0
54,195,75,0,0
54,200,75,0,0
54,205,75,0,0
54,210,75,0,0
54,215,75,0,0
54,220,75,0,0
54,225,75,0,0
54,230,75,0,0
54,235,75,0,0
54,240,75,0,0
54,245,75,0,0
54,250,75,0,0
54,255,75,0,0
54,260,75,0,0
54,265,75,0,0
54,270,75,0,0
54,275,70,1,0
54,280,65,1,0
54,285,60,1,0
54,290,55,1,0
54,295,50,1,0
54,300,50,0,0
54,305,50,0,0
54,310,50,0,0
54,315,50,0,0
54,320,50,0,0
54,325,50,0,0
54,330,50,0,0
54,335,50,0,0
54,340,50,0,0
54,345,50,0,0
54,350,50,0,0
54,355,50,0,0
54,360,50,0,0
54,365,50,0,0
54,370,50,0,0
54,375,50,0,0
54,380,50,0,0
54,385,50,0,0
54,390,50,0,0
54,395,50,0,0
54,400,50,0,0
54,405,50,0,0
54,410,50,0,0
54,415,50,0,0
54,420,50,0,0
54,425,50,0,0
54,430,50,0,0
54,435,50,0,0
54,440,50,0,0
54,445,50,0,0
54,450,50,0,0
54,455,50,0,0
54,460,50,0,0
136,290,50,0,0
136,295,50,0,0
136,300,50,0,0
136,305,50,0,0
136,310,55,0,1
136,315,60,0,1
136,320,65,0,1
136,325,70,0,1
136,330,75,0,1
136,335,80,0,1
136,340,85,0,1
136,345,90,0,1
136,350,95,0,1
136,355,100,0,1
136,360,105,0,1
136,365,110,0,1
136,370,115,0,1
136,375,120,0,1
136,380,120,0,0
136,385,120,0,0
136,390,120,0,0
136,395,120,0,0
136,400,120,0,0
136,405,120,0,0
136,410,120,0,0
136,415,120,0,0
136,420,120,0,0
136,425,120,0,0
136,430,120,0,0
136,435,120,0,0
136,440,120,0,0
136,445,120,0,0
136,450,120,0,0
136,455,120,0,0
136,460,120,0,0
221,335,120,0,0
221,340,120,0,0
221,345,120,0,0
221,350,120,0,0
221,355,120,0,0
221,360,120,0,0
221,365,125,0,1
221,370,130,0,1
221,375,135,0,1
221,380,140,0,1
221,385,145,0,1
221,390,150,0,1
221,395,155,0,1
221,400,160,0,1
221,405,165,0,1
221,410,170,0,1
221,415,175,0,1
221,420,180,0,1
221,425,185,0,1
221,430,190,0,1
221,435,195,0,1
221,440,200,0,1
221,445,205,0,1
221,450,210,0,1
221,455,210,0,0
221,460,210,0,0
131,395,210,0,0
131,400,210,0,0
131,405,210,0,0
131,410,210,0,0
131,415,210,0,0
131,420,205,1,0
131,425,200,1,0
131,430,195,1,0
131,435,190,1,0
131,440,185,1,0
131,445,180,1,0
131,450,175,1,0
131,455,170,1,0
131,460,165,1,0
215,175,160,1,0
215,180,155,1,0
215,185,150,1,0
215,190,145,1,0
215,195,140,1,0
215,200,135,1,0
215,205,130,1,0
215,210,125,1,0
215,215,120,1,0
215,220,115,1,0
215,225,110,1,0
215,230,110,0,0
215,235,110,0,0
215,240,110,0,0
215,245,110,0,0
215,250,110,0,0
215,255,110,0,0
215,260,110,0,0
215,265,110,0,0
215,270,110,0,0
215,275,110,0,0
215,280,110,0,0
215,285,110,0,0
215,290,110,0,0
215,295,110,0,0
215,300,110,0,0
215,305,110,0,0
215,310,110,0,0
215,315,115,0,1
215,320,120,0,1
215,325,125,0,1
215,330,130,0,1
215,335,135,0,1
215,340,140,0,1
215,345,145,0,1
215,350,150,0,1
215,355,155,0,1
215,360,160,0,1
215,365,165,0,1
215,370,170,0,1
215,375,175,0,1
215,380,180,0,1
215,385,185,0,1
215,390,190,0,1
215,395,195,0,1
215,400,200,0,1
215,405,205,0,1
215,410,210,0,1
215,415,215,0,1
215,420,220,0,1
215,425,225,0,1
215,430,230,0,1
215,435,230,0,0
215,440,230,0,0
215,445,230,0,0
215,450,230,0,0
215,455,230,0,0
215,460,230,0,0
75,440,230,0,0
75,445,230,0,0
75,450,225,1,0
75,455,220,1,0
75,460,215,1,0
75,465,210,1,0
75,470,205,1,0
75,475,200,1,0
75,480,195,1,0
75,485,190,1,0
75,490,185,1,0
75,495,180,1,0
75,500,175,1,0
75,505,170,1,0
75,510,165,1,0
75,515,160,1,0
75,520,155,1,0
75,525,150,1,0
75,530,145,1,0
75,535,140,1,0
75,540,135,1,0
75,545,130,1,0
75,550,125,1,0
75,555,120,1,0
51,15,65,0,0
51,20,65,0,0
51,25,65,0,0
51,30,65,0,0
51,35,65,0,0
51,40,65,0,0
51,45,65,0,0
51,50,65,0,0
51,55,65,0,0
51,60,65,0,0
51,65,65,0,0
51,70,65,0,0
51,75,65,0,0
51,80,65,0,0
51,85,65,0,0
51,90,65,0,0
51,95,65,0,0
51,100,65,0,0
51,105,65,0,0
51,110,65,0,0
51,115,65,0,0
51,120,65,0,0
51,125,65,0,0
51,130,65,0,0
51,135,65,0,0
51,140,65,0,0
51,145,65,0,0
51,150,65,0,0
51,155,65,0,0
51,160,65,0,0
51,165,65,0,0
51,170,65,0,0
51,175,65,0,0
51,180,65,0,0
51,185,65,0,0
51,190,65,0,0
51,195,65,0,0
51,200,65,0,0
51,205,65,0,0
51,210,65,0,0
51,215,65,0,0
51,220,65,0,0
51,225,65,0,0
51,230,65,0,0
51,235,65,0,0
51,240,65,0,0
51,245,65,0,0
51,250,65,0,0
51,255,65,0,0
51,260,65,0,0
51,265,65,0,0
51,270,65,0,0
51,275,65,0,0
51,280,65,0,0
51,285,65,0,0
51,290,65,0,0
51,295,65,0,0
51,300,65,0,0
51,305,65,0,0
51,310,65,0,0
51,315,65,0,0
51,320,65,0,0
51,325,65,0,0
51,330,65,0,0
51,335,65,0,0
51,340,65,0,0
51,345,65,0,0
51,350,65,0,0
51,355,65,0,0
51,360,65,0,0
51,365,65,0,0
51,370,65,0,0
51,375,65,0,0
51,380,65,0,0
51,385,65,0,0
51,390,65,0,0
51,395,65,0,0
51,400,65,0,0
51,405,65,0,0
51,410,65,0,0
51,415,65,0,0
51,420,65,0,0
51,425,65,0,0
51,430,65,0,0
51,435,65,0,0
51,440,65,0,0
51,445,65,0,0
51,450,65,0,0
51,455,65,0,0
51,460,65,0,0
194,410,65,0,0
194,415,65,0,0
194,420,65,0,0
194,425,65,0,0
194,430,65,0,0
194,435,65,0,0
194,440,65,0,0
194,445,65,0,0
194,450,65,0,0
194,455,70,0,1
194,460,75,0,1
194,465,80,0,1
194,470,85,0,1
194,475,90,0,1
194,480,95,0,1
194,485,100,0,1
194,490,105,0,1
194,495,110,0,1
194,500,115,0,1
194,505,120,0,1
194,510,125,0,1
194,515,130,0,1
194,520,135,0,1
194,525,140,0,1
50,140,145,0,1
50,145,150,0,1
50,150,155,0,1
50,155,160,0,1
50,160,165,0,1
50,165,165,0,0
50,170,165,0,0
50,175,165,0,0
50,180,165,0,0
50,185,165,0,0
50,190,165,0,0
50,195,165,0,0
50,200,160,1,0
50,205,155,1,0
50,210,150,1,0
50,215,145,1,0
50,220,140,1,0
50,225,135,1,0
50,230,130,1,0
50,235,125,1,0
50,240,120,1,0
50,245,115,1,0
50,250,110,1,0
50,255,105,1,0
50,260,100,1,0
50,265,95,1,0
50,270,90,1,0
50,275,85,1,0
50,280,80,1,0
50,285,75,1,0
50,290,70,1,0
50,295,65,1,0
50,300,60,1,0
50,305,55,1,0
50,310,50,1,0
50,315,45,1,0
50,320,45,0,0
50,325,45,0,0
50,330,45,0,0
50,335,45,0,0
50,340,45,0,0
50,345,45,0,0
50,350,45,0,0
50,355,45,0,0
50,360,45,0,0
50,365,45,0,0
50,370,45,0,0
50,375,45,0,0
50,380,45,0,0
50,385,45,0,0
50,390,45,0,0
50,395,45,0,0
50,400,45,0,0
50,405,45,0,0
50,410,45,0,0
50,415,45,0,0
50,420,45,0,0
50,425,45,0,0
50,430,45,0,0
50,435,45,0,0
50,440,45,0,0
50,445,45,0,0
50,450,45,0,0
50,455,45,0,0
50,460,45,0,0
151,20,45,0,0
151,25,45,0,0
151,30,45,0,0
151,35,45,0,0
151,40,45,0,0
151,45,45,0,0
151,50,45,0,0
151,55,45,0,0
151,60,45,0,0
151,65,45,0,0
151,70,45,0,0
151,75,45,0,0
151,80,45,0,0
151,85,45,0,0
151,90,45,0,0
151,95,45,0,0
151,100,45,0,0
151,105,45,0,0
151,110,45,0,0
151,115,45,0,0
151,120,45,0,0
151,125,45,0,0
151,130,50,0,1
151,135,55,0,1
151,140,60,0,1
151,145,65,0,1
151,150,70,0,1
151,155,75,0,1
151,160,80,0,1
151,165,85,0,1
151,170,90,0,1
151,175,95,0,1
151,180,100,0,1
151,185,105,0,1
151,190,110,0,1
151,195,115,0,1
151,200,120,0,1
151,205,125,0,1
151,210,130,0,1
151,215,135,0,1
151,220,140,0,1
151,225,145,0,1
151,230,150,0,1
151,235,155,0,1
151,240,160,0,1
151,245,165,0,1
151,250,165,0,0
151,255,165,0,0
151,260,165,0,0
151,265,165,0,0
151,270,165,0,0
151,275,165,0,0
151,280,165,0,0
151,285,165,0,0
151,290,165,0,0
151,295,165,0,0
151,300,165,0,0
151,305,165,0,0
151,310,165,0,0
151,315,165,0,0
151,320,165,0,0
151,325,165,0,0
151,330,165,0,0
151,335,165,0,0
151,340,165,0,0
151,345,165,0,0
151,350,165,0,0
151,355,165,0,0
151,360,165,0,0
151,365,165,0,0
151,370,165,0,0
151,375,165,0,0
151,380,165,0,0
151,385,165,0,0
151,390,165,0,0
151,395,165,0,0
151,400,165,0,0
151,405,165,0,0
151,410,165,0,0
151,415,165,0,0
151,420,165,0,0
151,425,165,0,0
151,430,165,0,0
151,435,165,0,0
151,440,165,0,0
151,445,165,0,0
151,450,165,0,0
151,455,165,0,0
151,460,165,0,0
13,340,165,0,0
13,345,165,0,0
13,350,165,0,0
13,355,165,0,0
13,360,165,0,0
13,365,165,0,0
13,370,160,1,0
13,375,155,1,0
13,380,150,1,0
13,385,145,1,0
13,390,140,1,0
13,395,135,1,0
13,400,130,1,0
13,405,125,1,0
13,410,120,1,0
13,415,115,1,0
13,420,110,1,0
13,425,105,1,0
13,430,100,1,0
13,435,95,1,0
13,440,90,1,0
13,445,85,1,0
13,450,80,1,0
13,455,75,1,0
13,460,70,1,0
13,465,65,1,0
13,470,60,1,0
13,475,55,1,0
60,275,50,1,0
60,280,45,1,0
60,285,40,1,0
60,290,35,1,0
60,295,30,1,0
60,300,25,1,0
60,305,20,1,0
60,310,15,1,0
60,315,10,1,0
60,320,5,1,0
60,325,0,1,0
60,330,0,0,0
60,335,0,0,0
60,340,0,0,0
60,345,0,0,0
60,350,0,0,0
60,355,0,0,0
60,360,0,0,0
60,365,5,0,1
60,370,10,0,1
60,375,15,0,1
60,380,20,0,1
60,385,25,0,1
60,390,30,0,1
60,395,35,0,1
60,400,40,0,1
60,405,45,0,1
60,410,50,0,1
60,415,55,0,1
60,420,55,0,0
60,425,55,0,0
60,430,55,0,0
60,435,55,0,0
60,440,55,0,0
60,445,55,0,0
60,450,55,0,0
60,455,55,0,0
60,460,55,0,0
37,435,55,0,0
37,440,55,0,0
37,445,55,0,0
37,450,55,0,0
37,455,55,0,0
37,460,55,0,0
0,175,55,0,0
0,180,55,0,0
0,185,55,0,0
0,190,55,0,0
0,195,55,0,0
0,200,55,0,0
0,205,55,0,0
0,210,55,0,0
0,215,55,0,0
0,220,55,0,0
0,225,55,0,0
0,230,55,0,0
0,235,55,0,0
0,240,55,0,0
0,245,55,0,0
0,250,55,0,0
0,255,55,0,0
0,260,55,0,0
0,265,55,0,0
0,270,55,0,0
0,275,55,0,0
0,280,55,0,0
0,285,55,0,0
0,290,55,0,0
0,295,55,0,0
0,300,55,0,0
0,305,55,0,0
0,310,50,1,0
0,315,45,1,0
0,320,40,1,0
0,325,35,1,0
0,330,30,1,0
0,335,25,1,0
0,340,20,1,0
0,345,15,1,0
0,350,10,1,0
0,355,5,1,0
0,360,0,1,0
0,365,0,0,0
0,370,0,0,0
0,375,0,0,0
0,380,0,0,0
0,385,0,0,0
0,390,0,0,0
0,395,0,0,0
0,400,0,0,0
0,405,0,0,0
0,410,0,0,0
0,415,0,0,0
0,420,0,0,0
0,425,0,0,0
0,430,0,0,0
0,435,0,0,0
0,440,0,0,0
0,445,0,0,0
0,450,0,0,0
0,455,0,0,0
0,460,0,0,0
145,460,0,0,0
145,465,0,0,0
145,470,0,0,0
145,475,0,0,0
145,480,0,0,0
145,485,0,0,0
145,490,5,0,1
145,495,10,0,1
145,500,15,0,1
145,505,20,0,1
145,510,25,0,1
145,515,30,0,1
145,520,35,0,1
145,525,40,0,1
145,530,45,0,1
145,535,50,0,1
145,540,55,0,1
145,545,60,0,1
145,550,65,0,1
145,555,70,0,1
145,560,75,0,1
145,565,80,0,1
145,570,85,0,1
145,575,90,0,1
148,470,95,0,1
28,260,100,0,1
28,265,105,0,1
28,270,110,0,1
28,275,115,0,1
28,280,120,0,1
28,285,125,0,1
28,290,130,0,1
28,295,130,0,0
28,300,130,0,0
28,305,130,0,0
28,310,130,0,0
28,315,130,0,0
28,320,125,1,0
28,325,120,1,0
28,330,115,1,0
28,335,110,1,0
28,340,105,1,0
28,345,100,1,0
28,350,95,1,0
28,355,90,1,0
28,360,85,1,0
28,365,80,1,0
28,370,75,1,0
28,375,70,1,0
28,380,65,1,0
28,385,60,1,0
28,390,55,1,0
28,395,50,1,0
28,400,45,1,0
28,405,40,1,0
28,410,35,1,0
28,415,30,1,0
28,420,25,1,0
28,425,20,1,0
28,430,15,1,0
28,435,10,1,0
28,440,5,1,0
28,445,5,0,0
28,450,5,0,0
28,455,5,0,0
28,460,5,0,0
70,60,5,0,0
70,65,5,0,0
70,70,5,0,0
70,75,5,0,0
70,80,5,0,0
70,85,5,0,0
70,90,5,0,0
70,95,5,0,0
70,100,5,0,0
70,105,5,0,0
70,110,5,0,0
70,115,5,0,0
70,120,5,0,0
70,125,5,0,0
70,130,5,0,0
70,135,5,0,0
70,140,5,0,0
70,145,5,0,0
70,150,5,0,0
70,155,5,0,0
70,160,5,0,0
70,165,5,0,0
70,170,5,0,0
70,175,5,0,0
70,180,5,0,0
70,185,5,0,0
70,190,10,0,1
70,195,15,0,1
70,200,20,0,1
70,205,25,0,1
70,210,30,0,1
70,215,35,0,1
70,220,40,0,1
70,225,45,0,1
70,230,50,0,1
70,235,55,0,1
70,240,60,0,1
70,245,65,0,1
70,250,65,0,0
70,255,65,0,0
70,260,65,0,0
70,265,65,0,0
70,270,65,0,0
70,275,65,0,0
70,280,65,0,0
70,285,65,0,0
70,290,65,0,0
70,295,65,0,0
70,300,65,0,0
70,305,65,0,0
70,310,65,0,0
70,315,65,0,0
70,320,65,0,0
70,325,65,0,0
70,330,65,0,0
70,335,65,0,0
70,340,65,0,0
70,345,65,0,0
70,350,65,0,0
70,355,65,0,0
70,360,65,0,0
70,365,65,0,0
70,370,65,0,0
70,375,65,0,0
70,380,65,0,0
70,385,65,0,0
70,390,65,0,0
70,395,65,0,0
70,400,65,0,0
70,405,65,0,0
70,410,65,0,0
70,415,65,0,0
70,420,65,0,0
70,425,65,0,0
70,430,65,0,0
70,435,65,0,0
70,440,65,0,0
70,445,65,0,0
70,450,65,0,0
70,455,65,0,0
70,460,65,0,0
176,450,65,0,0
176,455,65,0,0
176,460,65,0,0
176,465,65,0,0
176,470,65,0,0
176,475,70,0,1
176,480,75,0,1
176,485,80,0,1
176,490,85,0,1
176,495,90,0,1
176,500,95,0,1
176,505,100,0,1
176,510,105,0,1
176,515,110,0,1
176,520,115,0,1
176,525,120,0,1
176,530,125,0,1
171,315,130,0,1
171,320,135,0,1
171,325,140,0,1
171,330,145,0,1
171,335,150,0,1
171,340,155,0,1
171,345,160,0,1
171,350,165,0,1
171,355,170,0,1
171,360,170,0,0
171,365,170,0,0
171,370,170,0,0
171,375,170,0,0
171,380,170,0,0
171,385,170,0,0
171,390,170,0,0
171,395,170,0,0
171,400,170,0,0
171,405,170,0,0
171,410,170,0,0
171,415,170,0,0
171,420,170,0,0
171,425,170,0,0
171,430,170,0,0
171,435,170,0,0
171,440,170,0,0
171,445,170,0,0
171,450,170,0,0
171,455,170,0,0
171,460,170,0,0
53,15,170,0,0
53,20,170,0,0
53,25,170,0,0
53,30,170,0,0
53,35,170,0,0
53,40,170,0,0
53,45,170,0,0
53,50,170,0,0
53,55,170,0,0
53,60,165,1,0
53,65,160,1,0
53,70,155,1,0
53,75,150,1,0
53,80,145,1,0
53,85,140,1,0
53,90,135,1,0
53,95,130,1,0
53,100,125,1,0
53,105,120,1,0
53,110,115,1,0
53,115,110,1,0
53,120,105,1,0
53,125,100,1,0
53,130,95,1,0
53,135,90,1,0
53,140,85,1,0
53,145,80,1,0
53,150,75,1,0
53,155,75,0,0
53,160,75,0,0
53,165,75,0,0
53,170,75,0,0
53,175,75,0,0
53,180,75,0,0
53,185,75,0,0
53,190,75,0,0
53,195,75,0,0
53,200,75,0,0
53,205,75,0,0
53,210,75,0,0
53,215,70,1,0
53,220,65,1,0
53,225,60,1,0
53,230,55,1,0
53,235,50,1,0
53,240,45,1,0
53,245,45,0,0
53,250,45,0,0
53,255,45,0,0
53,260,45,0,0
53,265,45,0,0
53,270,45,0,0
53,275,45,0,0
53,280,45,0,0
53,285,45,0,0
53,290,45,0,0
53,295,45,0,0
53,300,45,0,0
53,305,45,0,0
53,310,45,0,0
53,315,45,0,0
53,320,45,0,0
53,325,45,0,0
53,330,45,0,0
53,335,45,0,0
53,340,45,0,0
53,345,45,0,0
53,350,45,0,0
53,355,45,0,0
53,360,45,0,0
53,365,45,0,0
53,370,45,0,0
53,375,45,0,0
53,380,45,0,0
53,385,45,0,0
53,390,45,0,0
53,395,45,0,0
53,400,45,0,0
53,405,45,0,0
53,410,45,0,0
53,415,45,0,0
53,420,45,0,0
53,425,45,0,0
53,430,45,0,0
53,435,45,0,0
53,440,45,0,0
53,445,45,0,0
53,450,45,0,0
53,455,45,0,0
53,460,45,0,0
77,395,45,0,0
77,400,45,0,0
77,405,45,0,0
77,410,45,0,0
77,415,45,0,0
77,420,45,0,0
77,425,50,0,1
77,430,55,0,1
77,435,60,0,1
77,440,65,0,1
77,445,70,0,1
77,450,75,0,1
77,455,80,0,1
77,460,85,0,1
16,375,90,0,1
16,380,90,0,0
16,385,90,0,0
16,390,90,0,0
16,395,90,0,0
16,400,85,1,0
16,405,80,1,0
16,410,75,1,0
16,415,70,1,0
16,420,65,1,0
16,425,60,1,0
16,430,55,1,0
16,435,50,1,0
16,440,45,1,0
16,445,40,1,0
16,450,35,1,0
16,455,30,1,0
16,460,25,1,0
41,235,20,1,0
41,240,15,1,0
41,245,10,1,0
41,250,5,1,0
41,255,0,1,0
41,260,0,0,0
41,265,0,0,0
41,270,0,0,0
41,275,0,0,0
41,280,0,0,0
41,285,0,0,0
41,290,0,0,0
41,295,0,0,0
41,300,0,0,0
41,305,0,0,0
41,310,0,0,0
41,315,0,0,0
41,320,0,0,0
41,325,0,0,0
41,330,0,0,0
41,335,0,0,0
41,340,0,0,0
41,345,0,0,0
41,350,5,0,1
41,355,10,0,1
41,360,15,0,1
41,365,20,0,1
41,370,25,0,1
41,375,30,0,1
41,380,35,0,1
41,385,40,0,1
41,390,40,0,0
41,395,40,0,0
41,400,40,0,0
41,405,40,0,0
41,410,40,0,0
41,415,40,0,0
41,420,40,0,0
41,425,40,0,0
41,430,40,0,0
41,435,40,0,0
41,440,40,0,0
41,445,40,0,0
41,450,40,0,0
41,455,40,0,0
41,460,40,0,0
179,105,40,0,0
179,110,40,0,0
179,115,40,0,0
179,120,40,0,0
179,125,40,0,0
179,130,40,0,0
179,135,40,0,0
179,140,40,0,0
179,145,40,0,0
179,150,40,0,0
179,155,40,0,0
179,160,40,0,0
179,165,40,0,0
179,170,40,0,0
179,175,40,0,0
179,180,40,0,0
179,185,40,0,0
179,190,40,0,0
179,195,40,0,0
179,200,45,0,1
179,205,50,0,1
179,210,55,0,1
179,215,60,0,1
179,220,65,0,1
179,225,70,0,1
179,230,75,0,1
179,235,80,0,1
179,240,85,0,1
179,245,90,0,1
179,250,95,0,1
179,255,100,0,1
179,260,105,0,1
179,265,110,0,1
179,270,115,0,1
179,275,120,0,1
179,280,125,0,1
179,285,130,0,1
179,290,135,0,1
179,295,140,0,1
179,300,145,0,1
179,305,150,0,1
179,310,155,0,1
179,315,160,0,1
179,320,165,0,1
179,325,170,0,1
179,330,175,0,1
179,335,180,0,1
179,340,180,0,0
179,345,180,0,0
179,350,180,0,0
179,355,180,0,0
179,360,180,0,0
179,365,180,0,0
179,370,180,0,0
179,375,180,0,0
179,380,180,0,0
179,385,180,0,0
179,390,180,0,0
179,395,180,0,0
179,400,180,0,0
179,405,180,0,0
179,410,180,0,0
179,415,180,0,0
179,420,180,0,0
179,425,180,0,0
179,430,180,0,0
179,435,180,0,0
179,440,180,0,0
179,445,180,0,0
179,450,180,0,0
179,455,180,0,0
179,460,180,0,0
119,445,180,0,0
119,450,180,0,0
119,455,180,0,0
119,460,180,0,0
119,465,175,1,0
119,470,170,1,0
119,475,165,1,0
119,480,160,1,0
97,315,155,1,0
97,320,150,1,0
97,325,145,1,0
97,330,140,1,0
97,335,135,1,0
97,340,130,1,0
97,345,125,1,0
97,350,120,1,0
97,355,115,1,0
97,360,110,1,0
97,365,105,1,0
97,370,100,1,0
97,375,95,1,0
97,380,90,1,0
97,385,85,1,0
97,390,85,0,0
97,395,85,0,0
97,400,85,0,0
97,405,85,0,0
97,410,85,0,0
97,415,85,0,0
97,420,85,0,0
97,425,85,0,0
97,430,85,0,0
97,435,85,0,0
97,440,85,0,0
97,445,85,0,0
97,450,85,0,0
97,455,85,0,0
97,460,85,0,0
35,425,85,0,0
35,430,85,0,0
35,435,85,0,0
35,440,85,0,0
35,445,85,0,0
35,450,85,0,0
35,455,85,0,0
35,460,80,1,0
155,305,75,1,0
155,310,70,1,0
155,315,65,1,0
155,320,60,1,0
155,325,55,1,0
155,330,50,1,0
155,335,45,1,0
155,340,40,1,0
155,345,35,1,0
155,350,30,1,0
155,355,25,1,0
155,360,20,1,0
155,365,20,0,0
155,370,20,0,0
155,375,20,0,0
155,380,20,0,0
155,385,20,0,0
155,390,25,0,1
155,395,30,0,1
155,400,35,0,1
155,405,40,0,1
155,410,45,0,1
155,415,50,0,1
155,420,55,0,1
155,425,60,0,1
155,430,65,0,1
155,435,70,0,1
155,440,75,0,1
155,445,80,0,1
155,450,85,0,1
155,455,90,0,1
155,460,95,0,1
155,465,100,0,1
196,15,140,0,0
196,20,140,0,0
196,25,140,0,0
196,30,140,0,0
196,35,140,0,0
196,40,140,0,0
196,45,140,0,0
196,50,140,0,0
196,55,140,0,0
196,60,140,0,0
196,65,140,0,0
196,70,140,0,0
196,75,140,0,0
196,80,140,0,0
196,85,140,0,0
196,90,140,0,0
196,95,140,0,0
196,100,140,0,0
196,105,140,0,0
196,110,140,0,0
196,115,140,0,0
196,120,140,0,0
196,125,140,0,0
196,130,140,0,0
196,135,140,0,0
196,140,140,0,0
196,145,140,0,0
196,150,140,0,0
196,155,140,0,0
196,160,140,0,0
196,165,140,0,0
196,170,140,0,0
196,175,140,0,0
196,180,140,0,0
196,185,140,0,0
196,190,140,0,0
196,195,140,0,0
196,200,140,0,0
196,205,140,0,0
196,210,145,0,1
196,215,150,0,1
196,220,155,0,1
196,225,160,0,1
196,230,165,0,1
196,235,170,0,1
196,240,175,0,1
196,245,180,0,1
196,250,185,0,1
196,255,190,0,1
196,260,195,0,1
196,265,195,0,0
196,270,195,0,0
196,275,195,0,0
196,280,195,0,0
196,285,195,0,0
196,290,195,0,0
196,295,195,0,0
196,300,195,0,0
196,305,195,0,0
196,310,195,0,0
196,315,195,0,0
196,320,195,0,0
196,325,195,0,0
196,330,195,0,0
196,335,195,0,0
196,340,195,0,0
196,345,195,0,0
196,350,195,0,0
196,355,195,0,0
196,360,195,0,0
196,365,195,0,0
196,370,195,0,0
196,375,195,0,0
196,380,195,0,0
196,385,195,0,0
196,390,195,0,0
196,395,195,0,0
196,400,195,0,0
196,405,195,0,0
196,410,195,0,0
196,415,195,0,0
196,420,195,0,0
196,425,195,0,0
196,430,195,0,0
196,435,195,0,0
196,440,195,0,0
196,445,195,0,0
196,450,195,0,0
196,455,195,0,0
196,460,195,0,0
111,15,195,0,0
111,20,195,0,0
111,25,195,0,0
111,30,195,0,0
111,35,195,0,0
111,40,195,0,0
111,45,195,0,0
111,50,195,0,0
111,55,195,0,0
111,60,195,0,0
111,65,195,0,0
111,70,195,0,0
111,75,195,0,0
111,80,195,0,0
111,85,195,0,0
111,90,195,0,0
111,95,195,0,0
111,100,195,0,0
111,105,195,0,0
111,110,195,0,0
111,115,195,0,0
111,120,195,0,0
111,125,195,0,0
111,130,195,0,0
111,135,195,0,0
111,140,195,0,0
111,145,190,1,0
111,150,185,1,0
111,155,180,1,0
111,160,175,1,0
111,165,170,1,0
111,170,165,1,0
111,175,160,1,0
111,180,155,1,0
111,185,150,1,0
111,190,145,1,0
111,195,140,1,0
111,200,135,1,0
111,205,130,1,0
111,210,125,1,0
111,215,120,1,0
111,220,115,1,0
111,225,110,1,0
111,230,105,1,0
111,235,105,0,0
111,240,105,0,0
111,245,105,0,0
111,250,105,0,0
111,255,105,0,0
111,260,105,0,0
111,265,105,0,0
111,270,105,0,0
111,275,105,0,0
111,280,105,0,0
111,285,105,0,0
111,290,105,0,0
111,295,105,0,0
111,300,105,0,0
111,305,105,0,0
111,310,105,0,0
111,315,105,0,0
111,320,105,0,0
111,325,105,0,0
111,330,105,0,0
111,335,105,0,0
111,340,105,0,0
111,345,105,0,0
111,350,105,0,0
111,355,105,0,0
111,360,105,0,0
111,365,105,0,0
111,370,105,0,0
111,375,105,0,0
111,380,105,0,0
111,385,105,0,0
111,390,105,0,0
111,395,105,0,0
111,400,105,0,0
111,405,105,0,0
111,410,105,0,0
111,415,105,0,0
111,420,105,0,0
111,425,105,0,0
111,430,105,0,0
111,435,105,0,0
111,440,105,0,0
111,445,105,0,0
111,450,105,0,0
111,455,105,0,0
111,460,105,0,0
12,370,105,0,0
12,375,105,0,0
12,380,105,0,0
12,385,100,1,0
12,390,95,1,0
12,395,90,1,0
12,400,85,1,0
12,405,80,1,0
12,410,75,1,0
12,415,70,1,0
12,420,65,1,0
12,425,60,1,0
12,430,55,1,0
12,435,50,1,0
12,440,45,1,0
12,445,40,1,0
12,450,35,1,0
12,455,30,1,0
12,460,25,1,0
192,15,15,0,0
192,20,10,0,0
192,25,5,0,0
192,30,5,0,0
192,35,5,0,0
192,40,5,0,0
192,45,5,0,0
192,50,5,0,0
192,55,5,0,0
192,60,5,0,0
192,65,5,0,0
192,70,5,0,0
192,75,5,0,0
192,80,5,0,0
192,85,5,0,0
192,90,5,0,0
192,95,5,0,0
192,100,5,0,0
192,105,5,0,0
192,110,5,0,0
192,115,5,0,0
192,120,5,0,0
192,125,5,0,0
192,130,5,0,0
192,135,5,0,0
192,140,5,0,0
192,145,5,0,0
192,150,10,0,1
192,155,15,0,1
192,160,20,0,1
192,165,25,0,1
192,170,30,0,1
192,175,35,0,1
192,180,40,0,1
192,185,45,0,1
192,190,50,0,1
192,195,55,0,1
192,200,60,0,1
192,205,65,0,1
192,210,70,0,1
192,215,75,0,1
192,220,80,0,1
192,225,85,0,1
192,230,90,0,1
192,235,95,0,1
192,240,100,0,1
192,245,105,0,1
192,250,110,0,1
192,255,115,0,1
192,260,120,0,1
192,265,125,0,1
192,270,130,0,1
192,275,135,0,1
192,280,140,0,1
192,285,145,0,1
192,290,150,0,1
192,295,155,0,1
192,300,160,0,1
192,305,165,0,1
192,310,170,0,1
192,315,170,0,0
192,320,170,0,0
192,325,170,0,0
192,330,170,0,0
192,335,170,0,0
192,340,170,0,0
192,345,170,0,0
192,350,170,0,0
192,355,170,0,0
192,360,170,0,0
192,365,170,0,0
192,370,175,0,1
192,375,180,0,1
192,380,185,0,1
192,385,190,0,1
192,390,195,0,1
192,395,195,0,0
192,400,195,0,0
192,405,195,0,0
192,410,195,0,0
192,415,195,0,0
192,420,195,0,0
192,425,195,0,0
192,430,195,0,0
192,435,195,0,0
192,440,195,0,0
192,445,195,0,0
192,450,195,0,0
192,455,195,0,0
192,460,195,0,0
112,275,195,0,0
112,280,195,0,0
112,285,195,0,0
112,290,195,0,0
112,295,195,0,0
112,300,195,0,0
112,305,195,0,0
112,310,195,0,0
112,315,195,0,0
112,320,195,0,0
112,325,195,0,0
112,330,190,1,0
112,335,185,1,0
112,340,180,1,0
112,345,175,1,0
112,350,170,1,0
112,355,165,1,0
112,360,160,1,0
112,365,155,1,0
112,370,150,1,0
112,375,145,1,0
112,380,140,1,0
112,385,135,1,0
112,390,130,1,0
112,395,125,1,0
112,400,120,1,0
112,405,115,1,0
112,410,110,1,0
112,415,105,1,0
112,420,100,1,0
112,425,95,1,0
112,430,90,1,0
112,435,85,1,0
112,440,85,0,0
112,445,85,0,0
112,450,85,0,0
112,455,85,0,0
112,460,85,0,0
69,15,85,0,0
69,20,85,0,0
69,25,85,0,0
69,30,85,0,0
69,35,85,0,0
69,40,85,0,0
69,45,85,0,0
69,50,85,0,0
69,55,85,0,0
69,60,85,0,0
69,65,85,0,0
69,70,85,0,0
69,75,85,0,0
69,80,85,0,0
69,85,85,0,0
69,90,85,0,0
69,95,85,0,0
69,100,85,0,0
69,105,85,0,0
69,110,85,0,0
69,115,85,0,0
69,120,85,0,0
69,125,85,0,0
69,130,85,0,0
69,135,85,0,0
69,140,85,0,0
69,145,85,0,0
69,150,85,0,0
69,155,85,0,0
69,160,85,0,0
69,165,85,0,0
69,170,85,0,0
69,175,85,0,0
69,180,85,0,0
69,185,85,0,0
69,190,85,0,0
69,195,85,0,0
69,200,85,0,0
69,205,85,0,0
69,210,85,0,0
69,215,85,0,0
69,220,85,0,0
69,225,85,0,0
69,230,85,0,0
69,235,85,0,0
69,240,85,0,0
69,245,85,0,0
69,250,85,0,0
69,255,85,0,0
69,260,85,0,0
69,265,85,0,0
69,270,85,0,0
69,275,85,0,0
69,280,85,0,0
69,285,85,0,0
69,290,80,1,0
69,295,75,1,0
69,300,70,1,0
69,305,70,0,0
69,310,70,0,0
69,315,70,0,0
69,320,70,0,0
69,325,70,0,0
69,330,70,0,0
69,335,70,0,0
69,340,70,0,0
69,345,70,0,0
69,350,70,0,0
69,355,70,0,0
69,360,70,0,0
69,365,70,0,0
69,370,70,0,0
69,375,70,0,0
69,380,70,0,0
69,385,70,0,0
69,390,70,0,0
69,395,70,0,0
69,400,70,0,0
69,405,70,0,0
69,410,70,0,0
69,415,70,0,0
69,420,70,0,0
69,425,70,0,0
69,430,70,0,0
69,435,70,0,0
69,440,70,0,0
69,445,70,0,0
69,450,70,0,0
69,455,70,0,0
69,460,70,0,0
168,305,70,0,0
168,310,70,0,0
168,315,70,0,0
168,320,70,0,0
168,325,70,0,0
168,330,70,0,0
168,335,75,0,1
168,340,80,0,1
168,345,85,0,1
168,350,90,0,1
168,355,95,0,1
168,360,100,0,1
168,365,105,0,1
168,370,110,0,1
168,375,115,0,1
168,380,120,0,1
168,385,125,0,1
168,390,130,0,1
168,395,135,0,1
168,400,140,0,1
168,405,145,0,1
168,410,150,0,1
168,415,155,0,1
168,420,160,0,1
168,425,165,0,1
168,430,170,0,1
168,435,170,0,0
168,440,170,0,0
168,445,170,0,0
168,450,170,0,0
168,455,170,0,0
168,460,170,0,0
131,400,170,0,0
131,405,170,0,0
131,410,170,0,0
131,415,165,1,0
131,420,160,1,0
131,425,155,1,0
131,430,150,1,0
131,435,145,1,0
131,440,140,1,0
131,445,135,1,0
131,450,130,1,0
131,455,125,1,0
131,460,120,1,0
27,270,115,1,0
27,275,110,1,0
27,280,105,1,0
27,285,100,1,0
27,290,95,1,0
27,295,90,1,0
27,300,85,1,0
27,305,80,1,0
27,310,75,1,0
27,315,70,1,0
27,320,65,1,0
27,325,60,1,0
27,330,55,1,0
27,335,50,1,0
27,340,45,1,0
27,345,40,1,0
27,350,35,1,0
27,355,30,1,0
27,360,25,1,0
27,365,25,0,0
27,370,25,0,0
27,375,25,0,0
27,380,25,0,0
27,385,25,0,0
27,390,25,0,0
27,395,25,0,0
27,400,25,0,0
27,405,25,0,0
27,410,25,0,0
27,415,25,0,0
27,420,25,0,0
27,425,25,0,0
27,430,25,0,0
27,435,25,0,0
27,440,25,0,0
27,445,25,0,0
27,450,25,0,0
27,455,25,0,0
27,460,25,0,0
160,15,25,0,0
160,20,25,0,0
160,25,25,0,0
160,30,25,0,0
160,35,25,0,0
160,40,25,0,0
160,45,25,0,0
160,50,25,0,0
160,55,25,0,0
160,60,25,0,0
160,65,25,0,0
160,70,25,0,0
160,75,25,0,0
160,80,25,0,0
160,85,25,0,0
160,90,25,0,0
160,95,25,0,0
160,100,25,0,0
160,105,25,0,0
160,110,30,0,1
160,115,35,0,1
160,120,40,0,1
160,125,45,0,1
160,130,50,0,1
160,135,55,0,1
160,140,60,0,1
160,145,65,0,1
160,150,70,0,1
160,155,75,0,1
160,160,80,0,1
160,165,85,0,1
160,170,90,0,1
160,175,95,0,1
160,180,100,0,1
160,185,105,0,1
160,190,110,0,1
160,195,115,0,1
160,200,120,0,1
160,205,125,0,1
160,210,130,0,1
160,215,135,0,1
160,220,140,0,1
160,225,140,0,0
160,230,140,0,0
160,235,140,0,0
160,240,140,0,0
160,245,140,0,0
160,250,140,0,0
160,255,140,0,0
160,260,140,0,0
160,265,140,0,0
160,270,140,0,0
160,275,140,0,0
160,280,140,0,0
160,285,140,0,0
160,290,140,0,0
160,295,140,0,0
160,300,140,0,0
160,305,140,0,0
160,310,140,0,0
160,315,140,0,0
160,320,140,0,0
160,325,140,0,0
160,330,140,0,0
160,335,140,0,0
160,340,140,0,0
160,345,140,0,0
160,350,140,0,0
160,355,140,0,0
160,360,140,0,0
160,365,140,0,0
160,370,140,0,0
160,375,140,0,0
160,380,140,0,0
160,385,140,0,0
160,390,140,0,0
160,395,140,0,0
160,400,140,0,0
160,405,140,0,0
160,410,140,0,0
160,415,140,0,0
160,420,140,0,0
160,425,140,0,0
160,430,140,0,0
160,435,140,0,0
160,440,140,0,0
160,445,140,0,0
160,450,140,0,0
160,455,140,0,0
160,460,140,0,0
19,205,140,0,0
19,210,140,0,0
19,215,140,0,0
19,220,140,0,0
19,225,140,0,0
19,230,140,0,0
19,235,135,1,0
19,240,130,1,0
19,245,125,1,0
19,250,120,1,0
19,255,115,1,0
19,260,110,1,0
19,265,105,1,0
19,270,100,1,0
19,275,95,1,0
19,280,90,1,0
19,285,85,1,0
19,290,80,1,0
19,295,75,1,0
19,300,70,1,0
19,305,65,1,0
19,310,60,1,0
19,315,55,1,0
19,320,50,1,0
19,325,45,1,0
19,330,40,1,0
19,335,35,1,0
19,340,30,1,0
19,345,25,1,0
19,350,20,1,0
19,355,15,1,0
19,360,10,1,0
19,365,10,0,0
19,370,10,0,0
19,375,10,0,0
19,380,10,0,0
19,385,10,0,0
19,390,10,0,0
19,395,10,0,0
19,400,10,0,0
19,405,10,0,0
19,410,10,0,0
19,415,10,0,0
19,420,10,0,0
19,425,10,0,0
19,430,10,0,0
19,435,10,0,0
19,440,10,0,0
19,445,10,0,0
19,450,10,0,0
19,455,10,0,0
19,460,10,0,0
30,225,10,0,0
30,230,10,0,0
30,235,10,0,0
30,240,10,0,0
30,245,10,0,0
30,250,10,0,0
30,255,10,0,0
30,260,10,0,0
30,265,10,0,0
30,270,10,0,0
30,275,10,0,0
30,280,10,0,0
30,285,10,0,0
30,290,10,0,0
30,295,10,0,0
30,300,10,0,0
30,305,10,0,0
30,310,10,0,0
30,315,10,0,0
30,320,10,0,0
30,325,10,0,0
30,330,10,0,0
30,335,10,0,0
30,340,10,0,0
30,345,10,0,0
30,350,10,0,0
30,355,10,0,0
30,360,10,0,0
30,365,10,0,0
30,370,10,0,0
30,375,10,0,0
30,380,10,0,0
30,385,10,0,0
30,390,10,0,0
30,395,10,0,0
30,400,10,0,0
30,405,10,0,0
30,410,10,0,0
30,415,10,0,0
30,420,10,0,0
30,425,10,0,0
30,430,10,0,0
30,435,10,0,0
30,440,10,0,0
30,445,10,0,0
30,450,10,0,0
30,455,10,0,0
30,460,10,0,0
164,245,10,0,0
164,250,10,0,0
164,255,10,0,0
164,260,15,0,1
164,265,20,0,1
164,270,25,0,1
164,275,30,0,1
164,280,35,0,1
164,285,40,0,1
164,290,45,0,1
164,295,50,0,1
164,300,55,0,1
164,305,60,0,1
164,310,65,0,1
164,315,70,0,1
164,320,75,0,1
164,325,80,0,1
164,330,85,0,1
164,335,90,0,1
164,340,95,0,1
164,345,100,0,1
164,350,105,0,1
164,355,110,0,1
164,360,115,0,1
164,365,120,0,1
164,370,125,0,1
164,375,130,0,1
164,380,135,0,1
164,385,140,0,1
164,390,145,0,1
164,395,145,0,0
164,400,145,0,0
164,405,145,0,0
164,410,145,0,0
164,415,145,0,0
164,420,145,0,0
164,425,145,0,0
164,430,145,0,0
164,435,145,0,0
164,440,145,0,0
164,445,145,0,0
164,450,145,0,0
164,455,145,0,0
164,460,145,0,0
169,445,145,0,0
169,450,145,0,0
169,455,145,0,0
169,460,145,0,0
204,15,145,0,0
204,20,145,0,0
204,25,145,0,0
204,30,145,0,0
204,35,145,0,0
204,40,145,0,0
204,45,145,0,0
204,50,145,0,0
204,55,145,0,0
204,60,145,0,0
204,65,145,0,0
204,70,145,0,0
204,75,145,0,0
204,80,145,0,0
204,85,145,0,0
204,90,145,0,0
204,95,145,0,0
204,100,145,0,0
204,105,145,0,0
204,110,145,0,0
204,115,145,0,0
204,120,145,0,0
204,125,145,0,0
204,130,145,0,0
204,135,145,0,0
204,140,145,0,0
204,145,145,0,0
204,150,145,0,0
204,155,145,0,0
204,160,145,0,0
204,165,145,0,0
204,170,145,0,0
204,175,145,0,0
204,180,150,0,1
204,185,155,0,1
204,190,160,0,1
204,195,165,0,1
204,200,170,0,1
204,205,175,0,1
204,210,180,0,1
204,215,185,0,1
204,220,190,0,1
204,225,195,0,1
204,230,200,0,1
204,235,205,0,1
204,240,210,0,1
204,245,210,0,0
204,250,210,0,0
204,255,210,0,0
204,260,210,0,0
204,265,210,0,0
204,270,210,0,0
204,275,210,0,0
204,280,210,0,0
204,285,210,0,0
204,290,210,0,0
204,295,210,0,0
204,300,210,0,0
204,305,210,0,0
204,310,210,0,0
204,315,210,0,0
204,320,210,0,0
204,325,210,0,0
204,330,210,0,0
204,335,210,0,0
204,340,210,0,0
204,345,210,0,0
204,350,210,0,0
204,355,210,0,0
204,360,210,0,0
204,365,210,0,0
204,370,210,0,0
204,375,210,0,0
204,380,210,0,0
204,385,210,0,0
204,390,210,0,0
204,395,210,0,0
204,400,210,0,0
204,405,210,0,0
204,410,210,0,0
204,415,210,0,0
204,420,210,0,0
204,425,210,0,0
204,430,210,0,0
204,435,210,0,0
204,440,210,0,0
204,445,210,0,0
204,450,210,0,0
204,455,210,0,0
204,460,210,0,0
209,305,210,0,0
209,310,210,0,0
209,315,210,0,0
209,320,210,0,0
209,325,210,0,0
209,330,210,0,0
209,335,210,0,0
209,340,210,0,0
209,345,210,0,0
209,350,210,0,0
209,355,210,0,0
209,360,210,0,0
209,365,210,0,0
209,370,210,0,0
209,375,210,0,0
209,380,210,0,0
209,385,210,0,0
209,390,210,0,0
209,395,210,0,0
209,400,210,0,0
209,405,210,0,0
209,410,210,0,0
209,415,210,0,0
209,420,210,0,0
209,425,210,0,0
209,430,210,0,0
209,435,210,0,0
209,440,210,0,0
209,445,210,0,0
209,450,210,0,0
209,455,210,0,0
209,460,210,0,0
167,320,210,0,0
167,325,210,0,0
167,330,210,0,0
167,335,210,0,0
167,340,210,0,0
167,345,205,1,0
167,350,200,1,0
167,355,195,1,0
167,360,190,1,0
167,365,185,1,0
167,370,180,1,0
167,375,175,1,0
167,380,170,1,0
167,385,165,1,0
167,390,160,1,0
167,395,160,0,0
167,400,160,0,0
167,405,160,0,0
167,410,160,0,0
167,415,160,0,0
167,420,160,0,0
167,425,160,0,0
167,430,160,0,0
167,435,160,0,0
167,440,160,0,0
167,445,160,0,0
167,450,160,0,0
167,455,160,0,0
167,460,160,0,0
83,255,160,0,0
83,260,160,0,0
83,265,160,0,0
83,270,160,0,0
83,275,160,0,0
83,280,160,0,0
83,285,160,0,0
83,290,155,1,0
83,295,150,1,0
83,300,145,1,0
83,305,140,1,0
83,310,135,1,0
83,315,130,1,0
83,320,125,1,0
83,325,120,1,0
83,330,115,1,0
83,335,110,1,0
83,340,105,1,0
83,345,100,1,0
83,350,95,1,0
83,355,90,1,0
83,360,85,1,0
83,365,80,1,0
83,370,75,1,0
83,375,70,1,0
83,380,70,0,0
83,385,70,0,0
83,390,70,0,0
83,395,70,0,0
83,400,70,0,0
83,405,70,0,0
83,410,70,0,0
83,415,70,0,0
83,420,70,0,0
83,425,70,0,0
83,430,70,0,0
83,435,70,0,0
83,440,70,0,0
83,445,70,0,0
83,450,70,0,0
83,455,70,0,0
83,460,70,0,0
108,450,70,0,0
108,455,70,0,0
108,460,75,0,1
110,190,80,0,1
110,195,85,0,1
110,200,90,0,1
110,205,95,0,1
110,210,100,0,1
110,215,105,0,1
110,220,110,0,1
110,225,115,0,1
110,230,120,0,1
110,235,120,0,0
110,240,120,0,0
110,245,120,0,0
110,250,120,0,0
110,255,120,0,0
110,260,120,0,0
110,265,120,0,0
110,270,120,0,0
110,275,120,0,0
110,280,120,0,0
110,285,120,0,0
110,290,120,0,0
110,295,120,0,0
110,300,120,0,0
110,305,120,0,0
110,310,120,0,0
110,315,120,0,0
110,320,120,0,0
110,325,120,0,0
110,330,120,0,0
110,335,120,0,0
110,340,120,0,0
110,345,120,0,0
110,350,120,0,0
110,355,120,0,0
110,360,120,0,0
110,365,120,0,0
110,370,120,0,0
110,375,120,0,0
110,380,120,0,0
110,385,120,0,0
110,390,120,0,0
110,395,120,0,0
110,400,120,0,0
110,405,120,0,0
110,410,120,0,0
110,415,120,0,0
110,420,120,0,0
110,425,120,0,0
110,430,120,0,0
110,435,120,0,0
110,440,120,0,0
110,445,120,0,0
110,450,120,0,0
110,455,120,0,0
110,460,120,0,0
134,15,120,0,0
134,20,120,0,0
134,25,120,0,0
134,30,120,0,0
134,35,120,0,0
134,40,120,0,0
134,45,120,0,0
134,50,120,0,0
134,55,120,0,0
134,60,120,0,0
134,65,120,0,0
134,70,120,0,0
134,75,120,0,0
134,80,120,0,0
134,85,120,0,0
134,90,120,0,0
134,95,120,0,0
134,100,120,0,0
134,105,120,0,0
134,110,120,0,0
134,115,120,0,0
134,120,120,0,0
134,125,120,0,0
134,130,120,0,0
134,135,120,0,0
134,140,120,0,0
134,145,120,0,0
134,150,120,0,0
134,155,120,0,0
134,160,120,0,0
134,165,120,0,0
134,170,120,0,0
134,175,120,0,0
134,180,120,0,0
134,185,120,0,0
134,190,125,0,1
134,195,130,0,1
134,200,135,0,1
134,205,140,0,1
134,210,145,0,1
134,215,145,0,0
134,220,145,0,0
134,225,145,0,0
134,230,145,0,0
134,235,145,0,0
134,240,145,0,0
134,245,145,0,0
134,250,145,0,0
134,255,145,0,0
134,260,145,0,0
134,265,145,0,0
134,270,145,0,0
134,275,145,0,0
134,280,145,0,0
134,285,145,0,0
134,290,145,0,0
134,295,145,0,0
134,300,145,0,0
134,305,145,0,0
134,310,145,0,0
134,315,145,0,0
134,320,145,0,0
134,325,145,0,0
134,330,145,0,0
134,335,145,0,0
134,340,145,0,0
134,345,145,0,0
134,350,145,0,0
134,355,145,0,0
134,360,145,0,0
134,365,145,0,0
134,370,145,0,0
134,375,145,0,0
134,380,145,0,0
134,385,145,0,0
134,390,145,0,0
134,395,145,0,0
134,400,145,0,0
134,405,145,0,0
134,410,145,0,0
134,415,145,0,0
134,420,145,0,0
134,425,145,0,0
134,430,145,0,0
134,435,145,0,0
134,440,145,0,0
134,445,145,0,0
134,450,145,0,0
134,455,145,0,0
134,460,145,0,0
210,15,145,0,0
210,20,145,0,0
210,25,145,0,0
210,30,145,0,0
210,35,145,0,0
210,40,145,0,0
210,45,145,0,0
210,50,145,0,0
210,55,145,0,0
210,60,145,0,0
210,65,145,0,0
210,70,145,0,0
210,75,145,0,0
210,80,145,0,0
210,85,145,0,0
210,90,145,0,0
210,95,145,0,0
210,100,145,0,0
210,105,145,0,0
210,110,145,0,0
210,115,145,0,0
210,120,145,0,0
210,125,145,0,0
210,130,145,0,0
210,135,145,0,0
210,140,145,0,0
210,145,145,0,0
210,150,145,0,0
210,155,145,0,0
210,160,145,0,0
210,165,150,0,1
210,170,155,0,1
210,175,160,0,1
210,180,165,0,1
210,185,170,0,1
210,190,175,0,1
210,195,180,0,1
210,200,185,0,1
210,205,190,0,1
210,210,195,0,1
210,215,200,0,1
210,220,205,0,1
210,225,210,0,1
210,230,210,0,0
210,235,210,0,0
210,240,210,0,0
210,245,210,0,0
210,250,210,0,0
210,255,210,0,0
210,260,210,0,0
210,265,210,0,0
210,270,210,0,0
210,275,210,0,0
210,280,210,0,0
210,285,210,0,0
210,290,210,0,0
210,295,210,0,0
210,300,210,0,0
210,305,210,0,0
210,310,210,0,0
210,315,210,0,0
210,320,210,0,0
210,325,210,0,0
210,330,210,0,0
210,335,210,0,0
210,340,210,0,0
210,345,210,0,0
210,350,210,0,0
210,355,210,0,0
210,360,210,0,0
210,365,210,0,0
210,370,210,0,0
210,375,210,0,0
210,380,210,0,0
210,385,210,0,0
210,390,210,0,0
210,395,210,0,0
210,400,210,0,0
210,405,210,0,0
210,410,210,0,0
210,415,210,0,0
210,420,210,0,0
210,425,210,0,0
210,430,210,0,0
210,435,210,0,0
210,440,210,0,0
210,445,210,0,0
210,450,210,0,0
210,455,210,0,0
210,460,210,0,0
64,15,150,0,0
64,20,150,0,0
64,25,150,0,0
64,30,150,0,0
64,35,150,0,0
64,40,150,0,0
64,45,150,0,0
64,50,150,0,0
64,55,150,0,0
64,60,150,0,0
64,65,150,0,0
64,70,150,0,0
64,75,150,0,0
64,80,150,0,0
64,85,150,0,0
64,90,150,0,0
64,95,150,0,0
64,100,150,0,0
64,105,150,0,0
64,110,150,0,0
64,115,150,0,0
64,120,150,0,0
64,125,150,0,0
64,130,150,0,0
64,135,145,1,0
64,140,140,1,0
64,145,135,1,0
64,150,130,1,0
64,155,125,1,0
64,160,120,1,0
64,165,115,1,0
64,170,110,1,0
64,175,105,1,0
64,180,100,1,0
64,185,95,1,0
64,190,90,1,0
64,195,85,1,0
64,200,80,1,0
64,205,75,1,0
64,210,70,1,0
64,215,70,0,0
64,220,70,0,0
64,225,70,0,0
64,230,70,0,0
64,235,70,0,0
64,240,70,0,0
64,245,70,0,0
64,250,70,0,0
64,255,70,0,0
64,260,70,0,0
64,265,70,0,0
64,270,70,0,0
64,275,70,0,0
64,280,70,0,0
64,285,70,0,0
64,290,70,0,0
64,295,70,0,0
64,300,70,0,0
64,305,70,0,0
64,310,70,0,0
64,315,70,0,0
64,320,70,0,0
64,325,70,0,0
64,330,70,0,0
64,335,70,0,0
64,340,70,0,0
64,345,70,0,0
64,350,70,0,0
64,355,70,0,0
64,360,70,0,0
64,365,70,0,0
64,370,70,0,0
64,375,70,0,0
64,380,70,0,0
64,385,70,0,0
64,390,70,0,0
64,395,70,0,0
64,400,70,0,0
64,405,70,0,0
64,410,70,0,0
64,415,70,0,0
64,420,70,0,0
64,425,70,0,0
64,430,70,0,0
64,435,70,0,0
64,440,70,0,0
64,445,70,0,0
64,450,70,0,0
64,455,70,0,0
64,460,70,0,0
206,155,70,0,0
206,160,75,0,1
206,165,80,0,1
206,170,85,0,1
206,175,90,0,1
206,180,95,0,1
206,185,100,0,1
206,190,105,0,1
206,195,110,0,1
206,200,115,0,1
206,205,120,0,1
206,210,125,0,1
206,215,130,0,1
206,220,135,0,1
206,225,140,0,1
206,230,145,0,1
206,235,150,0,1
206,240,155,0,1
206,245,160,0,1
206,250,165,0,1
206,255,170,0,1
206,260,175,0,1
206,265,180,0,1
206,270,185,0,1
206,275,190,0,1
206,280,190,0,0
206,285,190,0,0
206,290,190,0,0
206,295,190,0,0
206,300,190,0,0
206,305,190,0,0
206,310,190,0,0
206,315,190,0,0
206,320,190,0,0
206,325,190,0,0
206,330,190,0,0
206,335,190,0,0
206,340,190,0,0
206,345,190,0,0
206,350,190,0,0
206,355,190,0,0
206,360,190,0,0
206,365,190,0,0
206,370,190,0,0
206,375,195,0,1
206,380,200,0,1
206,385,205,0,1
206,390,210,0,1
206,395,210,0,0
206,400,210,0,0
206,405,210,0,0
206,410,210,0,0
206,415,210,0,0
206,420,210,0,0
206,425,210,0,0
206,430,210,0,0
206,435,210,0,0
206,440,210,0,0
206,445,210,0,0
206,450,210,0,0
206,455,210,0,0
206,460,210,0,0
197,445,210,0,0
197,450,210,0,0
197,455,210,0,0
197,460,210,0,0
111,420,210,0,0
111,425,205,1,0
111,430,200,1,0
111,435,195,1,0
111,440,190,1,0
111,445,185,1,0
111,450,180,1,0
111,455,175,1,0
111,460,170,1,0
111,465,165,1,0
111,470,160,1,0
111,475,155,1,0
1,430,150,1,0
1,435,145,1,0
1,440,140,1,0
1,445,135,1,0
1,450,130,1,0
1,455,130,0,0
1,460,130,0,0
1,465,130,0,0
1,470,130,0,0
1,475,130,0,0
1,480,130,0,0
1,485,130,0,0
1,490,130,0,0
1,495,130,0,0
1,500,130,0,0
1,505,130,0,0
1,510,125,1,0
1,515,120,1,0
1,520,115,1,0
1,525,110,1,0
1,530,105,1,0
1,535,100,1,0
1,540,95,1,0
1,545,90,1,0
1,550,85,1,0
1,555,80,1,0
1,560,75,1,0
1,565,70,1,0
1,570,65,1,0
1,575,60,1,0
1,580,55,1,0
1,585,50,1,0
1,590,45,1,0
1,595,40,1,0
109,15,10,0,0
109,20,10,0,0
109,25,10,0,0
109,30,10,0,0
109,35,10,0,0
109,40,10,0,0
109,45,10,0,0
109,50,10,0,0
109,55,10,0,0
109,60,10,0,0
109,65,10,0,0
109,70,10,0,0
109,75,10,0,0
109,80,10,0,0
109,85,10,0,0
109,90,10,0,0
109,95,10,0,0
109,100,10,0,0
109,105,10,0,0
109,110,10,0,0
109,115,10,0,0
109,120,10,0,0
109,125,10,0,0
109,130,10,0,0
109,135,10,0,0
109,140,10,0,0
109,145,15,0,1
109,150,20,0,1
109,155,25,0,1
109,160,30,0,1
109,165,35,0,1
109,170,40,0,1
109,175,45,0,1
109,180,50,0,1
109,185,55,0,1
109,190,60,0,1
109,195,65,0,1
109,200,70,0,1
109,205,75,0,1
109,210,80,0,1
109,215,85,0,1
109,220,90,0,1
109,225,95,0,1
109,230,100,0,1
109,235,105,0,1
109,240,105,0,0
109,245,105,0,0
109,250,105,0,0
109,255,105,0,0
109,260,105,0,0
109,265,105,0,0
109,270,105,0,0
109,275,105,0,0
109,280,105,0,0
109,285,105,0,0
109,290,105,0,0
109,295,105,0,0
109,300,105,0,0
109,305,105,0,0
109,310,105,0,0
109,315,105,0,0
109,320,105,0,0
109,325,105,0,0
109,330,105,0,0
109,335,105,0,0
109,340,105,0,0
109,345,105,0,0
109,350,105,0,0
109,355,105,0,0
109,360,105,0,0
109,365,105,0,0
109,370,105,0,0
109,375,105,0,0
109,380,105,0,0
109,385,105,0,0
109,390,105,0,0
109,395,105,0,0
109,400,105,0,0
109,405,105,0,0
109,410,105,0,0
109,415,105,0,0
109,420,105,0,0
109,425,105,0,0
109,430,105,0,0
109,435,105,0,0
109,440,105,0,0
109,445,105,0,0
109,450,105,0,0
109,455,105,0,0
109,460,105,0,0
205,380,105,0,0
205,385,105,0,0
205,390,105,0,0
205,395,105,0,0
205,400,110,0,1
205,405,115,0,1
205,410,120,0,1
205,415,125,0,1
205,420,130,0,1
205,425,135,0,1
205,430,140,0,1
205,435,145,0,1
205,440,150,0,1
205,445,155,0,1
205,450,160,0,1
205,455,165,0,1
205,460,170,0,1
194,220,175,0,1
194,225,180,0,1
194,230,180,0,0
194,235,180,0,0
194,240,180,0,0
194,245,180,0,0
194,250,180,0,0
194,255,180,0,0
194,260,180,0,0
194,265,180,0,0
194,270,180,0,0
194,275,180,0,0
194,280,180,0,0
194,285,180,0,0
194,290,180,0,0
194,295,180,0,0
194,300,180,0,0
194,305,180,0,0
194,310,180,0,0
194,315,180,0,0
194,320,180,0,0
194,325,180,0,0
194,330,180,0,0
194,335,180,0,0
194,340,180,0,0
194,345,180,0,0
194,350,180,0,0
194,355,180,0,0
194,360,180,0,0
194,365,180,0,0
194,370,180,0,0
194,375,180,0,0
194,380,180,0,0
194,385,180,0,0
194,390,180,0,0
194,395,180,0,0
194,400,180,0,0
194,405,180,0,0
194,410,180,0,0
194,415,180,0,0
194,420,180,0,0
194,425,180,0,0
194,430,180,0,0
194,435,180,0,0
194,440,180,0,0
194,445,180,0,0
194,450,180,0,0
194,455,180,0,0
194,460,180,0,0
180,225,180,0,0
180,230,180,0,0
180,235,180,0,0
180,240,180,0,0
180,245,180,0,0
180,250,180,0,0
180,255,180,0,0
180,260,180,0,0
180,265,180,0,0
180,270,180,0,0
180,275,180,0,0
180,280,180,0,0
180,285,180,0,0
180,290,180,0,0
180,295,180,0,0
180,300,180,0,0
180,305,180,0,0
180,310,180,0,0
180,315,180,0,0
180,320,180,0,0
180,325,180,0,0
180,330,180,0,0
180,335,180,0,0
180,340,180,0,0
180,345,180,0,0
180,350,180,0,0
180,355,180,0,0
180,360,180,0,0
180,365,180,0,0
180,370,180,0,0
180,375,180,0,0
180,380,180,0,0
180,385,180,0,0
180,390,180,0,0
180,395,180,0,0
180,400,180,0,0
180,405,180,0,0
180,410,180,0,0
180,415,180,0,0
180,420,180,0,0
180,425,180,0,0
180,430,180,0,0
180,435,180,0,0
180,440,180,0,0
180,445,180,0,0
180,450,180,0,0
180,455,180,0,0
180,460,180,0,0
193,370,180,0,0
193,375,180,0,0
193,380,180,0,0
193,385,185,0,1
193,390,190,0,1
193,395,195,0,1
193,400,200,0,1
193,405,205,0,1
193,410,210,0,1
193,415,215,0,1
193,420,215,0,0
193,425,215,0,0
193,430,215,0,0
193,435,215,0,0
193,440,215,0,0
193,445,215,0,0
193,450,215,0,0
193,455,215,0,0
193,460,215,0,0
32,115,215,0,0
32,120,215,0,0
32,125,215,0,0
32,130,215,0,0
32,135,215,0,0
32,140,215,0,0
32,145,215,0,0
32,150,215,0,0
32,155,215,0,0
32,160,215,0,0
32,165,210,1,0
32,170,205,1,0
32,175,200,1,0
32,180,195,1,0
32,185,190,1,0
32,190,185,1,0
32,195,180,1,0
32,200,175,1,0
32,205,170,1,0
32,210,165,1,0
32,215,160,1,0
32,220,155,1,0
32,225,150,1,0
32,230,145,1,0
32,235,140,1,0
32,240,135,1,0
32,245,130,1,0
32,250,125,1,0
32,255,120,1,0
32,260,115,1,0
32,265,110,1,0
32,270,105,1,0
32,275,100,1,0
32,280,95,1,0
32,285,90,1,0
32,290,85,1,0
32,295,80,1,0
32,300,75,1,0
32,305,70,1,0
32,310,65,1,0
32,315,60,1,0
32,320,55,1,0
32,325,50,1,0
32,330,45,1,0
32,335,40,1,0
32,340,35,1,0
32,345,30,1,0
32,350,25,1,0
32,355,25,0,0
32,360,25,0,0
32,365,25,0,0
32,370,25,0,0
32,375,25,0,0
32,380,25,0,0
32,385,25,0,0
32,390,25,0,0
32,395,25,0,0
32,400,25,0,0
32,405,25,0,0
32,410,25,0,0
32,415,25,0,0
32,420,25,0,0
32,425,25,0,0
32,430,25,0,0
32,435,25,0,0
32,440,25,0,0
32,445,25,0,0
32,450,25,0,0
32,455,25,0,0
32,460,25,0,0
20,240,25,0,0
20,245,25,0,0
20,250,25,0,0
20,255,25,0,0
20,260,25,0,0
20,265,25,0,0
20,270,25,0,0
20,275,25,0,0
20,280,25,0,0
20,285,25,0,0
20,290,25,0,0
20,295,25,0,0
20,300,25,0,0
20,305,25,0,0
20,310,25,0,0
20,315,25,0,0
20,320,25,0,0
20,325,25,0,0
20,330,25,0,0
20,335,25,0,0
20,340,25,0,0
20,345,25,0,0
20,350,25,0,0
20,355,25,0,0
20,360,25,0,0
20,365,25,0,0
20,370,25,0,0
20,375,25,0,0
20,380,25,0,0
20,385,25,0,0
20,390,25,0,0
20,395,25,0,0
20,400,25,0,0
20,405,25,0,0
20,410,25,0,0
20,415,25,0,0
20,420,25,0,0
20,425,25,0,0
20,430,25,0,0
20,435,25,0,0
20,440,25,0,0
20,445,25,0,0
20,450,25,0,0
20,455,25,0,0
20,460,25,0,0
187,460,25,0,0
187,465,30,0,1
187,470,35,0,1
187,475,40,0,1
187,480,45,0,1
187,485,50,0,1
187,490,55,0,1
187,495,60,0,1
187,500,65,0,1
187,505,70,0,1
187,510,75,0,1
187,515,80,0,1
187,520,85,0,1
187,525,90,0,1
187,530,95,0,1
187,535,100,0,1
187,540,105,0,1
187,545,110,0,1
187,550,115,0,1
187,555,120,0,1
187,560,125,0,1
187,565,130,0,1
187,570,135,0,1
153,15,160,0,0
153,20,160,0,0
153,25,160,0,0
153,30,160,0,0
153,35,160,0,0
153,40,160,0,0
153,45,160,0,0
153,50,160,0,0
153,55,160,0,0
153,60,160,0,0
153,65,160,0,0
153,70,160,0,0
153,75,160,0,0
153,80,160,0,0
153,85,160,0,0
153,90,160,0,0
153,95,160,0,0
153,100,160,0,0
153,105,160,0,0
153,110,160,0,0
153,115,160,0,0
153,120,160,0,0
153,125,160,0,0
153,130,160,0,0
153,135,160,0,0
153,140,160,0,0
153,145,160,0,0
153,150,160,0,0
153,155,160,0,0
153,160,160,0,0
153,165,160,0,0
153,170,160,0,0
153,175,160,0,0
153,180,160,0,0
153,185,160,0,0
153,190,160,0,0
153,195,160,0,0
153,200,160,0,0
153,205,160,0,0
153,210,160,0,0
153,215,160,0,0
153,220,160,0,0
153,225,160,0,0
153,230,160,0,0
153,235,160,0,0
153,240,160,0,0
153,245,160,0,0
153,250,160,0,0
153,255,160,0,0
153,260,160,0,0
153,265,160,0,0
153,270,160,0,0
153,275,160,0,0
153,280,160,0,0
153,285,160,0,0
153,290,160,0,0
153,295,160,0,0
153,300,160,0,0
153,305,160,0,0
153,310,160,0,0
153,315,160,0,0
153,320,160,0,0
153,325,160,0,0
153,330,160,0,0
153,335,160,0,0
153,340,160,0,0
153,345,160,0,0
153,350,160,0,0
153,355,160,0,0
153,360,160,0,0
153,365,160,0,0
153,370,160,0,0
153,375,160,0,0
153,380,160,0,0
153,385,160,0,0
153,390,160,0,0
153,395,160,0,0
153,400,160,0,0
153,405,160,0,0
153,410,160,0,0
153,415,160,0,0
153,420,160,0,0
153,425,160,0,0
153,430,160,0,0
153,435,160,0,0
153,440,160,0,0
153,445,160,0,0
153,450,160,0,0
153,455,160,0,0
153,460,160,0,0
182,170,160,0,0
182,175,160,0,0
182,180,160,0,0
182,185,160,0,0
182,190,160,0,0
182,195,160,0,0
182,200,160,0,0
182,205,160,0,0
182,210,160,0,0
182,215,160,0,0
182,220,165,0,1
182,225,170,0,1
182,230,175,0,1
182,235,180,0,1
182,240,185,0,1
182,245,190,0,1
182,250,190,0,0
182,255,190,0,0
182,260,190,0,0
182,265,190,0,0
182,270,190,0,0
182,275,190,0,0
182,280,190,0,0
182,285,190,0,0
182,290,190,0,0
182,295,190,0,0
182,300,190,0,0
182,305,190,0,0
182,310,190,0,0
182,315,190,0,0
182,320,190,0,0
182,325,190,0,0
182,330,190,0,0
182,335,190,0,0
182,340,190,0,0
182,345,190,0,0
182,350,190,0,0
182,355,190,0,0
182,360,190,0,0
182,365,190,0,0
182,370,190,0,0
182,375,190,0,0
182,380,190,0,0
182,385,190,0,0
182,390,190,0,0
182,395,190,0,0
182,400,190,0,0
182,405,190,0,0
182,410,190,0,0
182,415,190,0,0
182,420,190,0,0
182,425,190,0,0
182,430,190,0,0
182,435,190,0,0
182,440,190,0,0
182,445,190,0,0
182,450,190,0,0
182,455,190,0,0
182,460,190,0,0
102,295,190,0,0
102,300,190,0,0
102,305,185,1,0
102,310,180,1,0
102,315,175,1,0
102,320,170,1,0
102,325,165,1,0
102,330,160,1,0
102,335,155,1,0
102,340,150,1,0
102,345,145,1,0
102,350,140,1,0
102,355,135,1,0
102,360,130,1,0
102,365,125,1,0
102,370,120,1,0
102,375,115,1,0
102,380,110,1,0
102,385,105,1,0
102,390,105,0,0
102,395,105,0,0
102,400,105,0,0
102,405,105,0,0
102,410,105,0,0
102,415,105,0,0
102,420,105,0,0
102,425,105,0,0
102,430,105,0,0
102,435,105,0,0
102,440,105,0,0
102,445,105,0,0
102,450,105,0,0
102,455,105,0,0
102,460,105,0,0
88,235,105,0,0
88,240,105,0,0
88,245,105,0,0
88,250,105,0,0
88,255,105,0,0
88,260,105,0,0
88,265,105,0,0
88,270,105,0,0
88,275,105,0,0
88,280,105,0,0
88,285,105,0,0
88,290,105,0,0
88,295,105,0,0
88,300,105,0,0
88,305,105,0,0
88,310,105,0,0
88,315,105,0,0
88,320,105,0,0
88,325,105,0,0
88,330,105,0,0
88,335,105,0,0
88,340,105,0,0
88,345,105,0,0
88,350,105,0,0
88,355,105,0,0
88,360,105,0,0
88,365,105,0,0
88,370,105,0,0
88,375,105,0,0
88,380,105,0,0
88,385,105,0,0
88,390,105,0,0
88,395,105,0,0
88,400,105,0,0
88,405,105,0,0
88,410,105,0,0
88,415,105,0,0
88,420,105,0,0
88,425,105,0,0
88,430,105,0,0
88,435,105,0,0
88,440,105,0,0
88,445,105,0,0
88,450,105,0,0
88,455,105,0,0
88,460,105,0,0
94,50,105,0,0
94,55,105,0,0
94,60,105,0,0
94,65,105,0,0
94,70,105,0,0
94,75,105,0,0
94,80,105,0,0
94,85,105,0,0
94,90,105,0,0
94,95,105,0,0
94,100,105,0,0
94,105,105,0,0
94,110,105,0,0
94,115,105,0,0
94,120,105,0,0
94,125,105,0,0
94,130,105,0,0
94,135,105,0,0
94,140,105,0,0
94,145,105,0,0
94,150,105,0,0
94,155,105,0,0
94,160,105,0,0
94,165,105,0,0
94,170,105,0,0
94,175,105,0,0
94,180,105,0,0
94,185,105,0,0
94,190,105,0,0
94,195,105,0,0
94,200,105,0,0
94,205,105,0,0
94,210,105,0,0
94,215,105,0,0
94,220,105,0,0
94,225,105,0,0
94,230,105,0,0
94,235,105,0,0
94,240,105,0,0
94,245,105,0,0
94,250,105,0,0
94,255,105,0,0
94,260,105,0,0
94,265,105,0,0
94,270,105,0,0
94,275,105,0,0
94,280,105,0,0
94,285,105,0,0
94,290,105,0,0
94,295,105,0,0
94,300,105,0,0
94,305,105,0,0
94,310,105,0,0
94,315,105,0,0
94,320,105,0,0
94,325,105,0,0
94,330,105,0,0
94,335,105,0,0
94,340,105,0,0
94,345,105,0,0
94,350,105,0,0
94,355,105,0,0
94,360,105,0,0
94,365,105,0,0
94,370,105,0,0
94,375,105,0,0
94,380,105,0,0
94,385,105,0,0
94,390,105,0,0
94,395,105,0,0
94,400,105,0,0
94,405,105,0,0
94,410,105,0,0
94,415,105,0,0
94,420,105,0,0
94,425,105,0,0
94,430,105,0,0
94,435,105,0,0
94,440,105,0,0
94,445,105,0,0
94,450,105,0,0
94,455,105,0,0
94,460,105,0,0
171,210,105,0,0
171,215,105,0,0
171,220,105,0,0
171,225,105,0,0
171,230,105,0,0
171,235,105,0,0
171,240,105,0,0
171,245,105,0,0
171,250,105,0,0
171,255,105,0,0
171,260,105,0,0
171,265,110,0,1
171,270,115,0,1
171,275,120,0,1
171,280,125,0,1
171,285,130,0,1
171,290,135,0,1
171,295,140,0,1
171,300,145,0,1
171,305,150,0,1
171,310,155,0,1
171,315,160,0,1
171,320,165,0,1
171,325,165,0,0
171,330,165,0,0
171,335,165,0,0
171,340,165,0,0
171,345,165,0,0
171,350,165,0,0
171,355,165,0,0
171,360,165,0,0
171,365,165,0,0
171,370,165,0,0
171,375,165,0,0
171,380,165,0,0
171,385,165,0,0
171,390,165,0,0
171,395,165,0,0
171,400,165,0,0
171,405,165,0,0
171,410,165,0,0
171,415,165,0,0
171,420,165,0,0
171,425,165,0,0
171,430,165,0,0
171,435,165,0,0
171,440,165,0,0
171,445,165,0,0
171,450,165,0,0
171,455,165,0,0
171,460,165,0,0
226,445,165,0,0
226,450,165,0,0
226,455,170,0,1
226,460,175,0,1
208,15,200,0,0
208,20,205,0,0
208,25,210,0,0
208,30,215,0,0
208,35,220,0,0
208,40,220,0,0
208,45,220,0,0
208,50,220,0,0
208,55,220,0,0
208,60,220,0,0
208,65,220,0,0
208,70,220,0,0
208,75,220,0,0
208,80,220,0,0
208,85,220,0,0
208,90,220,0,0
208,95,220,0,0
208,100,220,0,0
208,105,220,0,0
208,110,220,0,0
208,115,220,0,0
208,120,220,0,0
208,125,220,0,0
208,130,220,0,0
208,135,220,0,0
208,140,220,0,0
208,145,220,0,0
208,150,220,0,0
208,155,220,0,0
208,160,220,0,0
208,165,220,0,0
208,170,220,0,0
208,175,220,0,0
208,180,220,0,0
208,185,220,0,0
208,190,220,0,0
208,195,220,0,0
208,200,220,0,0
208,205,220,0,0
208,210,220,0,0
208,215,220,0,0
208,220,220,0,0
208,225,220,0,0
208,230,220,0,0
208,235,220,0,0
208,240,220,0,0
208,245,220,0,0
208,250,220,0,0
208,255,220,0,0
208,260,220,0,0
208,265,220,0,0
208,270,220,0,0
208,275,220,0,0
208,280,220,0,0
208,285,220,0,0
208,290,220,0,0
208,295,220,0,0
208,300,220,0,0
208,305,220,0,0
208,310,220,0,0
208,315,220,0,0
208,320,220,0,0
208,325,220,0,0
208,330,220,0,0
208,335,220,0,0
208,340,220,0,0
208,345,220,0,0
208,350,220,0,0
208,355,220,0,0
208,360,220,0,0
208,365,220,0,0
208,370,220,0,0
208,375,220,0,0
208,380,220,0,0
208,385,220,0,0
208,390,220,0,0
208,395,220,0,0
208,400,220,0,0
208,405,220,0,0
208,410,220,0,0
208,415,220,0,0
208,420,220,0,0
208,425,220,0,0
208,430,220,0,0
208,435,220,0,0
208,440,220,0,0
208,445,220,0,0
208,450,220,0,0
208,455,220,0,0
208,460,220,0,0
61,290,215,1,0
61,295,210,1,0
61,300,205,1,0
61,305,200,1,0
61,310,195,1,0
61,315,190,1,0
61,320,185,1,0
61,325,180,1,0
61,330,175,1,0
61,335,170,1,0
61,340,165,1,0
61,345,160,1,0
61,350,155,1,0
61,355,150,1,0
61,360,145,1,0
61,365,140,1,0
61,370,135,1,0
61,375,130,1,0
61,380,125,1,0
61,385,120,1,0
61,390,115,1,0
61,395,110,1,0
61,400,105,1,0
61,405,100,1,0
61,410,95,1,0
61,415,90,1,0
61,420,85,1,0
61,425,80,1,0
61,430,75,1,0
61,435,70,1,0
61,440,70,0,0
61,445,70,0,0
61,450,70,0,0
61,455,70,0,0
61,460,70,0,0
222,345,70,0,0
222,350,70,0,0
222,355,70,0,0
222,360,70,0,0
222,365,70,0,0
222,370,70,0,0
222,375,75,0,1
222,380,80,0,1
222,385,85,0,1
222,390,90,0,1
222,395,95,0,1
222,400,100,0,1
222,405,105,0,1
222,410,110,0,1
222,415,115,0,1
222,420,120,0,1
222,425,125,0,1
222,430,130,0,1
222,435,135,0,1
222,440,140,0,1
222,445,145,0,1
222,450,150,0,1
222,455,155,0,1
222,460,160,0,1
222,465,165,0,1
222,470,170,0,1
119,150,175,0,1
119,155,180,0,1
119,160,185,0,1
119,165,190,0,1
119,170,195,0,1
119,175,200,0,1
119,180,205,0,1
119,185,210,0,1
119,190,210,0,0
119,195,210,0,0
119,200,210,0,0
119,205,210,0,0
119,210,210,0,0
119,215,210,0,0
119,220,210,0,0
119,225,210,0,0
119,230,205,1,0
119,235,200,1,0
119,240,195,1,0
119,245,190,1,0
119,250,185,1,0
119,255,180,1,0
119,260,175,1,0
119,265,170,1,0
119,270,165,1,0
119,275,160,1,0
119,280,155,1,0
119,285,150,1,0
119,290,145,1,0
119,295,140,1,0
119,300,135,1,0
119,305,130,1,0
119,310,125,1,0
119,315,120,1,0
119,320,115,1,0
119,325,110,1,0
119,330,110,0,0
119,335,110,0,0
119,340,110,0,0
119,345,110,0,0
119,350,110,0,0
119,355,110,0,0
119,360,110,0,0
119,365,110,0,0
119,370,110,0,0
119,375,110,0,0
119,380,110,0,0
119,385,110,0,0
119,390,110,0,0
119,395,110,0,0
119,400,110,0,0
119,405,110,0,0
119,410,110,0,0
119,415,110,0,0
119,420,110,0,0
119,425,110,0,0
119,430,110,0,0
119,435,110,0,0
119,440,110,0,0
119,445,110,0,0
119,450,110,0,0
119,455,110,0,0
119,460,110,0,0
139,155,110,0,0
139,160,110,0,0
139,165,110,0,0
139,170,110,0,0
139,175,110,0,0
139,180,110,0,0
139,185,110,0,0
139,190,110,0,0
139,195,110,0,0
139,200,110,0,0
139,205,110,0,0
139,210,110,0,0
139,215,110,0,0
139,220,110,0,0
139,225,115,0,1
139,230,120,0,1
139,235,125,0,1
139,240,130,0,1
139,245,135,0,1
139,250,140,0,1
139,255,145,0,1
139,260,145,0,0
139,265,145,0,0
139,270,145,0,0
139,275,145,0,0
139,280,145,0,0
139,285,145,0,0
139,290,145,0,0
139,295,145,0,0
139,300,145,0,0
139,305,145,0,0
139,310,145,0,0
139,315,145,0,0
139,320,145,0,0
139,325,145,0,0
139,330,145,0,0
139,335,145,0,0
139,340,145,0,0
139,345,145,0,0
139,350,145,0,0
139,355,145,0,0
139,360,145,0,0
139,365,145,0,0
139,370,145,0,0
139,375,145,0,0
139,380,145,0,0
139,385,145,0,0
139,390,145,0,0
139,395,145,0,0
139,400,145,0,0
139,405,145,0,0
139,410,145,0,0
139,415,145,0,0
139,420,145,0,0
139,425,145,0,0
139,430,145,0,0
139,435,145,0,0
139,440,145,0,0
139,445,145,0,0
139,450,145,0,0
139,455,145,0,0
139,460,145,0,0
24,140,145,0,0
24,145,145,0,0
24,150,145,0,0
24,155,145,0,0
24,160,145,0,0
24,165,145,0,0
24,170,145,0,0
24,175,145,0,0
24,180,140,1,0
24,185,135,1,0
24,190,130,1,0
24,195,125,1,0
24,200,120,1,0
24,205,115,1,0
24,210,110,1,0
24,215,105,1,0
24,220,100,1,0
24,225,95,1,0
24,230,90,1,0
24,235,85,1,0
24,240,80,1,0
24,245,75,1,0
24,250,70,1,0
24,255,65,1,0
24,260,60,1,0
24,265,55,1,0
24,270,50,1,0
24,275,45,1,0
24,280,40,1,0
24,285,35,1,0
24,290,30,1,0
24,295,25,1,0
24,300,20,1,0
24,305,15,1,0
24,310,10,1,0
24,315,5,1,0
24,320,0,1,0
24,325,0,0,0
24,330,0,0,0
24,335,0,0,0
24,340,0,0,0
24,345,0,0,0
24,350,0,0,0
24,355,0,0,0
24,360,0,0,0
24,365,0,0,0
24,370,0,0,0
24,375,0,0,0
24,380,0,0,0
24,385,0,0,0
24,390,0,0,0
24,395,0,0,0
24,400,0,0,0
24,405,0,0,0
24,410,0,0,0
24,415,0,0,0
24,420,0,0,0
24,425,0,0,0
24,430,0,0,0
24,435,0,0,0
24,440,0,0,0
24,445,0,0,0
24,450,0,0,0
24,455,0,0,0
24,460,0,0,0
116,395,0,0,0
116,400,0,0,0
116,405,0,0,0
116,410,0,0,0
116,415,5,0,1
116,420,10,0,1
116,425,15,0,1
116,430,20,0,1
116,435,25,0,1
116,440,30,0,1
116,445,35,0,1
116,450,40,0,1
116,455,45,0,1
116,460,50,0,1
116,465,55,0,1
116,470,60,0,1
116,475,65,0,1
72,450,70,0,1
72,455,70,0,0
72,460,70,0,0
227,335,70,0,0
227,340,70,0,0
227,345,70,0,0
227,350,70,0,0
227,355,70,0,0
227,360,70,0,0
227,365,70,0,0
227,370,70,0,0
227,375,70,0,0
227,380,70,0,0
227,385,75,0,1
227,390,80,0,1
227,395,85,0,1
227,400,90,0,1
227,405,95,0,1
227,410,100,0,1
227,415,105,0,1
227,420,110,0,1
227,425,115,0,1
227,430,120,0,1
227,435,125,0,1
227,440,130,0,1
227,445,135,0,1
227,450,140,0,1
227,455,145,0,1
227,460,150,0,1
227,465,155,0,1
227,470,160,0,1
227,475,165,0,1
227,480,170,0,1
227,485,175,0,1
131,15,205,0,0
131,20,205,0,0
131,25,205,0,0
131,30,205,0,0
131,35,205,0,0
131,40,205,0,0
131,45,205,0,0
131,50,205,0,0
131,55,205,0,0
131,60,205,0,0
131,65,205,0,0
131,70,205,0,0
131,75,205,0,0
131,80,205,0,0
131,85,205,0,0
131,90,205,0,0
131,95,205,0,0
131,100,205,0,0
131,105,205,0,0
131,110,205,0,0
131,115,205,0,0
131,120,205,0,0
131,125,205,0,0
131,130,205,0,0
131,135,205,0,0
131,140,205,0,0
131,145,205,0,0
131,150,205,0,0
131,155,205,0,0
131,160,205,0,0
131,165,205,0,0
131,170,205,0,0
131,175,205,0,0
131,180,205,0,0
131,185,205,0,0
131,190,205,0,0
131,195,205,0,0
131,200,205,0,0
131,205,205,0,0
131,210,205,0,0
131,215,205,0,0
131,220,205,0,0
131,225,205,0,0
131,230,205,0,0
131,235,205,0,0
131,240,205,0,0
131,245,205,0,0
131,250,205,0,0
131,255,205,0,0
131,260,205,0,0
131,265,205,0,0
131,270,205,0,0
131,275,205,0,0
131,280,205,0,0
131,285,205,0,0
131,290,205,0,0
131,295,205,0,0
131,300,205,0,0
131,305,205,0,0
131,310,205,0,0
131,315,205,0,0
131,320,205,0,0
131,325,205,0,0
131,330,205,0,0
131,335,205,0,0
131,340,205,0,0
131,345,205,0,0
131,350,205,0,0
131,355,205,0,0
131,360,205,0,0
131,365,205,0,0
131,370,205,0,0
131,375,205,0,0
131,380,205,0,0
131,385,205,0,0
131,390,205,0,0
131,395,205,0,0
131,400,205,0,0
131,405,205,0,0
131,410,205,0,0
131,415,205,0,0
131,420,205,0,0
131,425,205,0,0
131,430,205,0,0
131,435,205,0,0
131,440,205,0,0
131,445,205,0,0
131,450,205,0,0
131,455,205,0,0
131,460,205,0,0
131,465,205,0,0
131,470,205,0,0
